Domain Code,Domain,Area Code,Area,Element Code,Element,Item Code,Item,Year Code,Year,Unit,Value,Flag,Flag Description,Note
"FS","Suite of Food Security Indicators","101","Indonesia","6121","Value","21010","Average dietary energy supply adequacy (percent) (3-year average)","20002002","2000-2002","%","106","F","FAO estimate",""
"FS","Suite of Food Security Indicators","101","Indonesia","6121","Value","21010","Average dietary energy supply adequacy (percent) (3-year average)","20012003","2001-2003","%","106","F","FAO estimate",""
"FS","Suite of Food Security Indicators","101","Indonesia","6121","Value","21010","Average dietary energy supply adequacy (percent) (3-year average)","20022004","2002-2004","%","107","F","FAO estimate",""
"FS","Suite of Food Security Indicators","101","Indonesia","6121","Value","21010","Average dietary energy supply adequacy (percent) (3-year average)","20032005","2003-2005","%","107","F","FAO estimate",""
"FS","Suite of Food Security Indicators","101","Indonesia","6121","Value","21010","Average dietary energy supply adequacy (percent) (3-year average)","20042006","2004-2006","%","107","F","FAO estimate",""
"FS","Suite of Food Security Indicators","101","Indonesia","6121","Value","21010","Average dietary energy supply adequacy (percent) (3-year average)","20052007","2005-2007","%","108","F","FAO estimate",""
"FS","Suite of Food Security Indicators","101","Indonesia","6121","Value","21010","Average dietary energy supply adequacy (percent) (3-year average)","20062008","2006-2008","%","109","F","FAO estimate",""
"FS","Suite of Food Security Indicators","101","Indonesia","6121","Value","21010","Average dietary energy supply adequacy (percent) (3-year average)","20072009","2007-2009","%","111","F","FAO estimate",""
"FS","Suite of Food Security Indicators","101","Indonesia","6121","Value","21010","Average dietary energy supply adequacy (percent) (3-year average)","20082010","2008-2010","%","113","F","FAO estimate",""
"FS","Suite of Food Security Indicators","101","Indonesia","6121","Value","21010","Average dietary energy supply adequacy (percent) (3-year average)","20092011","2009-2011","%","115","F","FAO estimate",""
"FS","Suite of Food Security Indicators","101","Indonesia","6121","Value","21010","Average dietary energy supply adequacy (percent) (3-year average)","20102012","2010-2012","%","117","F","FAO estimate",""
"FS","Suite of Food Security Indicators","101","Indonesia","6121","Value","21010","Average dietary energy supply adequacy (percent) (3-year average)","20112013","2011-2013","%","119","F","FAO estimate",""
"FS","Suite of Food Security Indicators","101","Indonesia","6121","Value","21010","Average dietary energy supply adequacy (percent) (3-year average)","20122014","2012-2014","%","120","F","FAO estimate",""
"FS","Suite of Food Security Indicators","101","Indonesia","6121","Value","21010","Average dietary energy supply adequacy (percent) (3-year average)","20132015","2013-2015","%","119","F","FAO estimate",""
"FS","Suite of Food Security Indicators","101","Indonesia","6121","Value","21010","Average dietary energy supply adequacy (percent) (3-year average)","20142016","2014-2016","%","120","F","FAO estimate",""
"FS","Suite of Food Security Indicators","101","Indonesia","6121","Value","21010","Average dietary energy supply adequacy (percent) (3-year average)","20152017","2015-2017","%","120","F","FAO estimate",""
"FS","Suite of Food Security Indicators","101","Indonesia","6121","Value","21010","Average dietary energy supply adequacy (percent) (3-year average)","20162018","2016-2018","%","121","F","FAO estimate",""
"FS","Suite of Food Security Indicators","101","Indonesia","6121","Value","21010","Average dietary energy supply adequacy (percent) (3-year average)","20172019","2017-2019","%","121","F","FAO estimate",""
"FS","Suite of Food Security Indicators","101","Indonesia","6122","Value","21011","Average value of food production (constant 2004-2006 I$/cap) (3-year average)","20002002","2000-2002","I$ per person","166","F","FAO estimate",""
"FS","Suite of Food Security Indicators","101","Indonesia","6122","Value","21011","Average value of food production (constant 2004-2006 I$/cap) (3-year average)","20012003","2001-2003","I$ per person","173","F","FAO estimate",""
"FS","Suite of Food Security Indicators","101","Indonesia","6122","Value","21011","Average value of food production (constant 2004-2006 I$/cap) (3-year average)","20022004","2002-2004","I$ per person","181","F","FAO estimate",""
"FS","Suite of Food Security Indicators","101","Indonesia","6122","Value","21011","Average value of food production (constant 2004-2006 I$/cap) (3-year average)","20032005","2003-2005","I$ per person","187","F","FAO estimate",""
"FS","Suite of Food Security Indicators","101","Indonesia","6122","Value","21011","Average value of food production (constant 2004-2006 I$/cap) (3-year average)","20042006","2004-2006","I$ per person","194","F","FAO estimate",""
"FS","Suite of Food Security Indicators","101","Indonesia","6122","Value","21011","Average value of food production (constant 2004-2006 I$/cap) (3-year average)","20052007","2005-2007","I$ per person","199","F","FAO estimate",""
"FS","Suite of Food Security Indicators","101","Indonesia","6122","Value","21011","Average value of food production (constant 2004-2006 I$/cap) (3-year average)","20062008","2006-2008","I$ per person","207","F","FAO estimate",""
"FS","Suite of Food Security Indicators","101","Indonesia","6122","Value","21011","Average value of food production (constant 2004-2006 I$/cap) (3-year average)","20072009","2007-2009","I$ per person","213","F","FAO estimate",""
"FS","Suite of Food Security Indicators","101","Indonesia","6122","Value","21011","Average value of food production (constant 2004-2006 I$/cap) (3-year average)","20082010","2008-2010","I$ per person","219","F","FAO estimate",""
"FS","Suite of Food Security Indicators","101","Indonesia","6122","Value","21011","Average value of food production (constant 2004-2006 I$/cap) (3-year average)","20092011","2009-2011","I$ per person","224","F","FAO estimate",""
"FS","Suite of Food Security Indicators","101","Indonesia","6122","Value","21011","Average value of food production (constant 2004-2006 I$/cap) (3-year average)","20102012","2010-2012","I$ per person","230","F","FAO estimate",""
"FS","Suite of Food Security Indicators","101","Indonesia","6122","Value","21011","Average value of food production (constant 2004-2006 I$/cap) (3-year average)","20112013","2011-2013","I$ per person","235","F","FAO estimate",""
"FS","Suite of Food Security Indicators","101","Indonesia","6122","Value","21011","Average value of food production (constant 2004-2006 I$/cap) (3-year average)","20122014","2012-2014","I$ per person","240","F","FAO estimate",""
"FS","Suite of Food Security Indicators","101","Indonesia","6122","Value","21011","Average value of food production (constant 2004-2006 I$/cap) (3-year average)","20132015","2013-2015","I$ per person","241","F","FAO estimate",""
"FS","Suite of Food Security Indicators","101","Indonesia","6122","Value","21011","Average value of food production (constant 2004-2006 I$/cap) (3-year average)","20142016","2014-2016","I$ per person","242","F","FAO estimate",""
"FS","Suite of Food Security Indicators","101","Indonesia","6128","Value","22000","Dietary energy supply used in the estimation of prevalence of undernourishment (kcal/cap/day) (3-year average)","20002002","2000-2002","kcal/capita/day","2409","F","FAO estimate",""
"FS","Suite of Food Security Indicators","101","Indonesia","6128","Value","22000","Dietary energy supply used in the estimation of prevalence of undernourishment (kcal/cap/day) (3-year average)","20012003","2001-2003","kcal/capita/day","2422","F","FAO estimate",""
"FS","Suite of Food Security Indicators","101","Indonesia","6128","Value","22000","Dietary energy supply used in the estimation of prevalence of undernourishment (kcal/cap/day) (3-year average)","20022004","2002-2004","kcal/capita/day","2439","F","FAO estimate",""
"FS","Suite of Food Security Indicators","101","Indonesia","6128","Value","22000","Dietary energy supply used in the estimation of prevalence of undernourishment (kcal/cap/day) (3-year average)","20032005","2003-2005","kcal/capita/day","2447","F","FAO estimate",""
"FS","Suite of Food Security Indicators","101","Indonesia","6128","Value","22000","Dietary energy supply used in the estimation of prevalence of undernourishment (kcal/cap/day) (3-year average)","20042006","2004-2006","kcal/capita/day","2454","F","FAO estimate",""
"FS","Suite of Food Security Indicators","101","Indonesia","6128","Value","22000","Dietary energy supply used in the estimation of prevalence of undernourishment (kcal/cap/day) (3-year average)","20052007","2005-2007","kcal/capita/day","2474","F","FAO estimate",""
"FS","Suite of Food Security Indicators","101","Indonesia","6128","Value","22000","Dietary energy supply used in the estimation of prevalence of undernourishment (kcal/cap/day) (3-year average)","20062008","2006-2008","kcal/capita/day","2502","F","FAO estimate",""
"FS","Suite of Food Security Indicators","101","Indonesia","6128","Value","22000","Dietary energy supply used in the estimation of prevalence of undernourishment (kcal/cap/day) (3-year average)","20072009","2007-2009","kcal/capita/day","2543","F","FAO estimate",""
"FS","Suite of Food Security Indicators","101","Indonesia","6128","Value","22000","Dietary energy supply used in the estimation of prevalence of undernourishment (kcal/cap/day) (3-year average)","20082010","2008-2010","kcal/capita/day","2587","F","FAO estimate",""
"FS","Suite of Food Security Indicators","101","Indonesia","6128","Value","22000","Dietary energy supply used in the estimation of prevalence of undernourishment (kcal/cap/day) (3-year average)","20092011","2009-2011","kcal/capita/day","2642","F","FAO estimate",""
"FS","Suite of Food Security Indicators","101","Indonesia","6128","Value","22000","Dietary energy supply used in the estimation of prevalence of undernourishment (kcal/cap/day) (3-year average)","20102012","2010-2012","kcal/capita/day","2696","F","FAO estimate",""
"FS","Suite of Food Security Indicators","101","Indonesia","6128","Value","22000","Dietary energy supply used in the estimation of prevalence of undernourishment (kcal/cap/day) (3-year average)","20112013","2011-2013","kcal/capita/day","2735","F","FAO estimate",""
"FS","Suite of Food Security Indicators","101","Indonesia","6128","Value","22000","Dietary energy supply used in the estimation of prevalence of undernourishment (kcal/cap/day) (3-year average)","20122014","2012-2014","kcal/capita/day","2751","F","FAO estimate",""
"FS","Suite of Food Security Indicators","101","Indonesia","6128","Value","22000","Dietary energy supply used in the estimation of prevalence of undernourishment (kcal/cap/day) (3-year average)","20132015","2013-2015","kcal/capita/day","2747","F","FAO estimate",""
"FS","Suite of Food Security Indicators","101","Indonesia","6128","Value","22000","Dietary energy supply used in the estimation of prevalence of undernourishment (kcal/cap/day) (3-year average)","20142016","2014-2016","kcal/capita/day","2760","F","FAO estimate",""
"FS","Suite of Food Security Indicators","101","Indonesia","6128","Value","22000","Dietary energy supply used in the estimation of prevalence of undernourishment (kcal/cap/day) (3-year average)","20152017","2015-2017","kcal/capita/day","2777","F","FAO estimate",""
"FS","Suite of Food Security Indicators","101","Indonesia","6128","Value","22000","Dietary energy supply used in the estimation of prevalence of undernourishment (kcal/cap/day) (3-year average)","20162018","2016-2018","kcal/capita/day","2797","F","FAO estimate",""
"FS","Suite of Food Security Indicators","101","Indonesia","6128","Value","22000","Dietary energy supply used in the estimation of prevalence of undernourishment (kcal/cap/day) (3-year average)","20172019","2017-2019","kcal/capita/day","2800","F","FAO estimate",""
"FS","Suite of Food Security Indicators","101","Indonesia","6121","Value","21012","Share of dietary energy supply derived from cereals, roots and tubers (kcal/cap/day) (3-year average)","20002002","2000-2002","%","71","F","FAO estimate",""
"FS","Suite of Food Security Indicators","101","Indonesia","6121","Value","21012","Share of dietary energy supply derived from cereals, roots and tubers (kcal/cap/day) (3-year average)","20012003","2001-2003","%","70","F","FAO estimate",""
"FS","Suite of Food Security Indicators","101","Indonesia","6121","Value","21012","Share of dietary energy supply derived from cereals, roots and tubers (kcal/cap/day) (3-year average)","20022004","2002-2004","%","69","F","FAO estimate",""
"FS","Suite of Food Security Indicators","101","Indonesia","6121","Value","21012","Share of dietary energy supply derived from cereals, roots and tubers (kcal/cap/day) (3-year average)","20032005","2003-2005","%","69","F","FAO estimate",""
"FS","Suite of Food Security Indicators","101","Indonesia","6121","Value","21012","Share of dietary energy supply derived from cereals, roots and tubers (kcal/cap/day) (3-year average)","20042006","2004-2006","%","69","F","FAO estimate",""
"FS","Suite of Food Security Indicators","101","Indonesia","6121","Value","21012","Share of dietary energy supply derived from cereals, roots and tubers (kcal/cap/day) (3-year average)","20052007","2005-2007","%","68","F","FAO estimate",""
"FS","Suite of Food Security Indicators","101","Indonesia","6121","Value","21012","Share of dietary energy supply derived from cereals, roots and tubers (kcal/cap/day) (3-year average)","20062008","2006-2008","%","69","F","FAO estimate",""
"FS","Suite of Food Security Indicators","101","Indonesia","6121","Value","21012","Share of dietary energy supply derived from cereals, roots and tubers (kcal/cap/day) (3-year average)","20072009","2007-2009","%","69","F","FAO estimate",""
"FS","Suite of Food Security Indicators","101","Indonesia","6121","Value","21012","Share of dietary energy supply derived from cereals, roots and tubers (kcal/cap/day) (3-year average)","20082010","2008-2010","%","69","F","FAO estimate",""
"FS","Suite of Food Security Indicators","101","Indonesia","6121","Value","21012","Share of dietary energy supply derived from cereals, roots and tubers (kcal/cap/day) (3-year average)","20092011","2009-2011","%","69","F","FAO estimate",""
"FS","Suite of Food Security Indicators","101","Indonesia","6121","Value","21012","Share of dietary energy supply derived from cereals, roots and tubers (kcal/cap/day) (3-year average)","20102012","2010-2012","%","69","F","FAO estimate",""
"FS","Suite of Food Security Indicators","101","Indonesia","6121","Value","21012","Share of dietary energy supply derived from cereals, roots and tubers (kcal/cap/day) (3-year average)","20112013","2011-2013","%","69","F","FAO estimate",""
"FS","Suite of Food Security Indicators","101","Indonesia","6121","Value","21012","Share of dietary energy supply derived from cereals, roots and tubers (kcal/cap/day) (3-year average)","20122014","2012-2014","%","69","F","FAO estimate",""
"FS","Suite of Food Security Indicators","101","Indonesia","6121","Value","21012","Share of dietary energy supply derived from cereals, roots and tubers (kcal/cap/day) (3-year average)","20132015","2013-2015","%","69","F","FAO estimate",""
"FS","Suite of Food Security Indicators","101","Indonesia","6121","Value","21012","Share of dietary energy supply derived from cereals, roots and tubers (kcal/cap/day) (3-year average)","20142016","2014-2016","%","69","F","FAO estimate",""
"FS","Suite of Food Security Indicators","101","Indonesia","6121","Value","21012","Share of dietary energy supply derived from cereals, roots and tubers (kcal/cap/day) (3-year average)","20152017","2015-2017","%","69","F","FAO estimate",""
"FS","Suite of Food Security Indicators","101","Indonesia","6123","Value","21013","Average protein supply (g/cap/day) (3-year average)","20002002","2000-2002","g/capita/day","52.3","F","FAO estimate",""
"FS","Suite of Food Security Indicators","101","Indonesia","6123","Value","21013","Average protein supply (g/cap/day) (3-year average)","20012003","2001-2003","g/capita/day","52.7","F","FAO estimate",""
"FS","Suite of Food Security Indicators","101","Indonesia","6123","Value","21013","Average protein supply (g/cap/day) (3-year average)","20022004","2002-2004","g/capita/day","53.3","F","FAO estimate",""
"FS","Suite of Food Security Indicators","101","Indonesia","6123","Value","21013","Average protein supply (g/cap/day) (3-year average)","20032005","2003-2005","g/capita/day","53.3","F","FAO estimate",""
"FS","Suite of Food Security Indicators","101","Indonesia","6123","Value","21013","Average protein supply (g/cap/day) (3-year average)","20042006","2004-2006","g/capita/day","53.7","F","FAO estimate",""
"FS","Suite of Food Security Indicators","101","Indonesia","6123","Value","21013","Average protein supply (g/cap/day) (3-year average)","20052007","2005-2007","g/capita/day","54.3","F","FAO estimate",""
"FS","Suite of Food Security Indicators","101","Indonesia","6123","Value","21013","Average protein supply (g/cap/day) (3-year average)","20062008","2006-2008","g/capita/day","55.3","F","FAO estimate",""
"FS","Suite of Food Security Indicators","101","Indonesia","6123","Value","21013","Average protein supply (g/cap/day) (3-year average)","20072009","2007-2009","g/capita/day","56.3","F","FAO estimate",""
"FS","Suite of Food Security Indicators","101","Indonesia","6123","Value","21013","Average protein supply (g/cap/day) (3-year average)","20082010","2008-2010","g/capita/day","57.3","F","FAO estimate",""
"FS","Suite of Food Security Indicators","101","Indonesia","6123","Value","21013","Average protein supply (g/cap/day) (3-year average)","20092011","2009-2011","g/capita/day","59","F","FAO estimate",""
"FS","Suite of Food Security Indicators","101","Indonesia","6123","Value","21013","Average protein supply (g/cap/day) (3-year average)","20102012","2010-2012","g/capita/day","60.3","F","FAO estimate",""
"FS","Suite of Food Security Indicators","101","Indonesia","6123","Value","21013","Average protein supply (g/cap/day) (3-year average)","20112013","2011-2013","g/capita/day","61.3","F","FAO estimate",""
"FS","Suite of Food Security Indicators","101","Indonesia","6123","Value","21013","Average protein supply (g/cap/day) (3-year average)","20122014","2012-2014","g/capita/day","62.3","F","FAO estimate",""
"FS","Suite of Food Security Indicators","101","Indonesia","6123","Value","21013","Average protein supply (g/cap/day) (3-year average)","20132015","2013-2015","g/capita/day","63.7","F","FAO estimate",""
"FS","Suite of Food Security Indicators","101","Indonesia","6123","Value","21013","Average protein supply (g/cap/day) (3-year average)","20142016","2014-2016","g/capita/day","65","F","FAO estimate",""
"FS","Suite of Food Security Indicators","101","Indonesia","6123","Value","21013","Average protein supply (g/cap/day) (3-year average)","20152017","2015-2017","g/capita/day","66.3","F","FAO estimate",""
"FS","Suite of Food Security Indicators","101","Indonesia","6123","Value","21014","Average supply of protein of animal origin (g/cap/day) (3-year average)","20002002","2000-2002","g/capita/day","12","F","FAO estimate",""
"FS","Suite of Food Security Indicators","101","Indonesia","6123","Value","21014","Average supply of protein of animal origin (g/cap/day) (3-year average)","20012003","2001-2003","g/capita/day","12.3","F","FAO estimate",""
"FS","Suite of Food Security Indicators","101","Indonesia","6123","Value","21014","Average supply of protein of animal origin (g/cap/day) (3-year average)","20022004","2002-2004","g/capita/day","12.7","F","FAO estimate",""
"FS","Suite of Food Security Indicators","101","Indonesia","6123","Value","21014","Average supply of protein of animal origin (g/cap/day) (3-year average)","20032005","2003-2005","g/capita/day","13","F","FAO estimate",""
"FS","Suite of Food Security Indicators","101","Indonesia","6123","Value","21014","Average supply of protein of animal origin (g/cap/day) (3-year average)","20042006","2004-2006","g/capita/day","13.3","F","FAO estimate",""
"FS","Suite of Food Security Indicators","101","Indonesia","6123","Value","21014","Average supply of protein of animal origin (g/cap/day) (3-year average)","20052007","2005-2007","g/capita/day","13.7","F","FAO estimate",""
"FS","Suite of Food Security Indicators","101","Indonesia","6123","Value","21014","Average supply of protein of animal origin (g/cap/day) (3-year average)","20062008","2006-2008","g/capita/day","14.3","F","FAO estimate",""
"FS","Suite of Food Security Indicators","101","Indonesia","6123","Value","21014","Average supply of protein of animal origin (g/cap/day) (3-year average)","20072009","2007-2009","g/capita/day","14.7","F","FAO estimate",""
"FS","Suite of Food Security Indicators","101","Indonesia","6123","Value","21014","Average supply of protein of animal origin (g/cap/day) (3-year average)","20082010","2008-2010","g/capita/day","15.3","F","FAO estimate",""
"FS","Suite of Food Security Indicators","101","Indonesia","6123","Value","21014","Average supply of protein of animal origin (g/cap/day) (3-year average)","20092011","2009-2011","g/capita/day","16","F","FAO estimate",""
"FS","Suite of Food Security Indicators","101","Indonesia","6123","Value","21014","Average supply of protein of animal origin (g/cap/day) (3-year average)","20102012","2010-2012","g/capita/day","16.7","F","FAO estimate",""
"FS","Suite of Food Security Indicators","101","Indonesia","6123","Value","21014","Average supply of protein of animal origin (g/cap/day) (3-year average)","20112013","2011-2013","g/capita/day","17","F","FAO estimate",""
"FS","Suite of Food Security Indicators","101","Indonesia","6123","Value","21014","Average supply of protein of animal origin (g/cap/day) (3-year average)","20122014","2012-2014","g/capita/day","17.7","F","FAO estimate",""
"FS","Suite of Food Security Indicators","101","Indonesia","6123","Value","21014","Average supply of protein of animal origin (g/cap/day) (3-year average)","20132015","2013-2015","g/capita/day","18.3","F","FAO estimate",""
"FS","Suite of Food Security Indicators","101","Indonesia","6123","Value","21014","Average supply of protein of animal origin (g/cap/day) (3-year average)","20142016","2014-2016","g/capita/day","19.3","F","FAO estimate",""
"FS","Suite of Food Security Indicators","101","Indonesia","6123","Value","21014","Average supply of protein of animal origin (g/cap/day) (3-year average)","20152017","2015-2017","g/capita/day","20.3","F","FAO estimate",""
"FS","Suite of Food Security Indicators","101","Indonesia","6124","Value","21016","Rail lines density (total route in km per 100 square km of land area)","2006","2006","per 100 square km of land area","0.2","X","International reliable sources",""
"FS","Suite of Food Security Indicators","101","Indonesia","6124","Value","21016","Rail lines density (total route in km per 100 square km of land area)","2007","2007","per 100 square km of land area","0.3","X","International reliable sources",""
"FS","Suite of Food Security Indicators","101","Indonesia","6124","Value","21016","Rail lines density (total route in km per 100 square km of land area)","2008","2008","per 100 square km of land area","0.3","X","International reliable sources",""
"FS","Suite of Food Security Indicators","101","Indonesia","6124","Value","21016","Rail lines density (total route in km per 100 square km of land area)","2010","2010","per 100 square km of land area","0.2","X","International reliable sources",""
"FS","Suite of Food Security Indicators","101","Indonesia","6124","Value","21016","Rail lines density (total route in km per 100 square km of land area)","2011","2011","per 100 square km of land area","0.3","X","International reliable sources",""
"FS","Suite of Food Security Indicators","101","Indonesia","6124","Value","21016","Rail lines density (total route in km per 100 square km of land area)","2012","2012","per 100 square km of land area","0.3","X","International reliable sources",""
"FS","Suite of Food Security Indicators","101","Indonesia","6124","Value","21016","Rail lines density (total route in km per 100 square km of land area)","2013","2013","per 100 square km of land area","0.3","X","International reliable sources",""
"FS","Suite of Food Security Indicators","101","Indonesia","6124","Value","21016","Rail lines density (total route in km per 100 square km of land area)","2014","2014","per 100 square km of land area","0.3","X","International reliable sources",""
"FS","Suite of Food Security Indicators","101","Indonesia","6124","Value","21016","Rail lines density (total route in km per 100 square km of land area)","2015","2015","per 100 square km of land area","0.4","X","International reliable sources",""
"FS","Suite of Food Security Indicators","101","Indonesia","6126","Value","22013","Gross domestic product per capita, PPP, dissemination (constant 2011 international $)","2000","2000","I$","5689.3","X","International reliable sources",""
"FS","Suite of Food Security Indicators","101","Indonesia","6126","Value","22013","Gross domestic product per capita, PPP, dissemination (constant 2011 international $)","2001","2001","I$","5816.4","X","International reliable sources",""
"FS","Suite of Food Security Indicators","101","Indonesia","6126","Value","22013","Gross domestic product per capita, PPP, dissemination (constant 2011 international $)","2002","2002","I$","5996.2","X","International reliable sources",""
"FS","Suite of Food Security Indicators","101","Indonesia","6126","Value","22013","Gross domestic product per capita, PPP, dissemination (constant 2011 international $)","2003","2003","I$","6198.7","X","International reliable sources",""
"FS","Suite of Food Security Indicators","101","Indonesia","6126","Value","22013","Gross domestic product per capita, PPP, dissemination (constant 2011 international $)","2004","2004","I$","6423.7","X","International reliable sources",""
"FS","Suite of Food Security Indicators","101","Indonesia","6126","Value","22013","Gross domestic product per capita, PPP, dissemination (constant 2011 international $)","2005","2005","I$","6699.3","X","International reliable sources",""
"FS","Suite of Food Security Indicators","101","Indonesia","6126","Value","22013","Gross domestic product per capita, PPP, dissemination (constant 2011 international $)","2006","2006","I$","6974.4","X","International reliable sources",""
"FS","Suite of Food Security Indicators","101","Indonesia","6126","Value","22013","Gross domestic product per capita, PPP, dissemination (constant 2011 international $)","2007","2007","I$","7319.4","X","International reliable sources",""
"FS","Suite of Food Security Indicators","101","Indonesia","6126","Value","22013","Gross domestic product per capita, PPP, dissemination (constant 2011 international $)","2008","2008","I$","7657.6","X","International reliable sources",""
"FS","Suite of Food Security Indicators","101","Indonesia","6126","Value","22013","Gross domestic product per capita, PPP, dissemination (constant 2011 international $)","2009","2009","I$","7906.3","X","International reliable sources",""
"FS","Suite of Food Security Indicators","101","Indonesia","6126","Value","22013","Gross domestic product per capita, PPP, dissemination (constant 2011 international $)","2010","2010","I$","8286.7","X","International reliable sources",""
"FS","Suite of Food Security Indicators","101","Indonesia","6126","Value","22013","Gross domestic product per capita, PPP, dissemination (constant 2011 international $)","2011","2011","I$","8680.2","X","International reliable sources",""
"FS","Suite of Food Security Indicators","101","Indonesia","6126","Value","22013","Gross domestic product per capita, PPP, dissemination (constant 2011 international $)","2012","2012","I$","9080","X","International reliable sources",""
"FS","Suite of Food Security Indicators","101","Indonesia","6126","Value","22013","Gross domestic product per capita, PPP, dissemination (constant 2011 international $)","2013","2013","I$","9457","X","International reliable sources",""
"FS","Suite of Food Security Indicators","101","Indonesia","6126","Value","22013","Gross domestic product per capita, PPP, dissemination (constant 2011 international $)","2014","2014","I$","9801.1","X","International reliable sources",""
"FS","Suite of Food Security Indicators","101","Indonesia","6126","Value","22013","Gross domestic product per capita, PPP, dissemination (constant 2011 international $)","2015","2015","I$","10149.6","X","International reliable sources",""
"FS","Suite of Food Security Indicators","101","Indonesia","6126","Value","22013","Gross domestic product per capita, PPP, dissemination (constant 2011 international $)","2016","2016","I$","10531.2","X","International reliable sources",""
"FS","Suite of Food Security Indicators","101","Indonesia","6126","Value","22013","Gross domestic product per capita, PPP, dissemination (constant 2011 international $)","2017","2017","I$","10935.8","X","International reliable sources",""
"FS","Suite of Food Security Indicators","101","Indonesia","6126","Value","22013","Gross domestic product per capita, PPP, dissemination (constant 2011 international $)","2018","2018","I$","11371.5","X","International reliable sources",""
"FS","Suite of Food Security Indicators","101","Indonesia","6126","Value","22013","Gross domestic product per capita, PPP, dissemination (constant 2011 international $)","2019","2019","I$","11812.2","X","International reliable sources",""
"FS","Suite of Food Security Indicators","101","Indonesia","6121","Value","210041","Prevalence of undernourishment (percent) (3-year average)","20002002","2000-2002","%","19.3","F","FAO estimate",""
"FS","Suite of Food Security Indicators","101","Indonesia","6121","Value","210041","Prevalence of undernourishment (percent) (3-year average)","20012003","2001-2003","%","19.2","F","FAO estimate",""
"FS","Suite of Food Security Indicators","101","Indonesia","6121","Value","210041","Prevalence of undernourishment (percent) (3-year average)","20022004","2002-2004","%","19","F","FAO estimate",""
"FS","Suite of Food Security Indicators","101","Indonesia","6121","Value","210041","Prevalence of undernourishment (percent) (3-year average)","20032005","2003-2005","%","19.1","F","FAO estimate",""
"FS","Suite of Food Security Indicators","101","Indonesia","6121","Value","210041","Prevalence of undernourishment (percent) (3-year average)","20042006","2004-2006","%","19.3","F","FAO estimate",""
"FS","Suite of Food Security Indicators","101","Indonesia","6121","Value","210041","Prevalence of undernourishment (percent) (3-year average)","20052007","2005-2007","%","19.1","F","FAO estimate",""
"FS","Suite of Food Security Indicators","101","Indonesia","6121","Value","210041","Prevalence of undernourishment (percent) (3-year average)","20062008","2006-2008","%","18.5","F","FAO estimate",""
"FS","Suite of Food Security Indicators","101","Indonesia","6121","Value","210041","Prevalence of undernourishment (percent) (3-year average)","20072009","2007-2009","%","17.4","F","FAO estimate",""
"FS","Suite of Food Security Indicators","101","Indonesia","6121","Value","210041","Prevalence of undernourishment (percent) (3-year average)","20082010","2008-2010","%","15.5","F","FAO estimate",""
"FS","Suite of Food Security Indicators","101","Indonesia","6121","Value","210041","Prevalence of undernourishment (percent) (3-year average)","20092011","2009-2011","%","12.9","F","FAO estimate",""
"FS","Suite of Food Security Indicators","101","Indonesia","6121","Value","210041","Prevalence of undernourishment (percent) (3-year average)","20102012","2010-2012","%","10.5","F","FAO estimate",""
"FS","Suite of Food Security Indicators","101","Indonesia","6121","Value","210041","Prevalence of undernourishment (percent) (3-year average)","20112013","2011-2013","%","9.3","F","FAO estimate",""
"FS","Suite of Food Security Indicators","101","Indonesia","6121","Value","210041","Prevalence of undernourishment (percent) (3-year average)","20122014","2012-2014","%","8.9","F","FAO estimate",""
"FS","Suite of Food Security Indicators","101","Indonesia","6121","Value","210041","Prevalence of undernourishment (percent) (3-year average)","20132015","2013-2015","%","9.3","F","FAO estimate",""
"FS","Suite of Food Security Indicators","101","Indonesia","6121","Value","210041","Prevalence of undernourishment (percent) (3-year average)","20142016","2014-2016","%","9.3","F","FAO estimate",""
"FS","Suite of Food Security Indicators","101","Indonesia","6121","Value","210041","Prevalence of undernourishment (percent) (3-year average)","20152017","2015-2017","%","9.2","F","FAO estimate",""
"FS","Suite of Food Security Indicators","101","Indonesia","6121","Value","210041","Prevalence of undernourishment (percent) (3-year average)","20162018","2016-2018","%","8.9","F","FAO estimate",""
"FS","Suite of Food Security Indicators","101","Indonesia","6121","Value","210041","Prevalence of undernourishment (percent) (3-year average)","20172019","2017-2019","%","9","F","FAO estimate",""
"FS","Suite of Food Security Indicators","101","Indonesia","6132","Value","210011","Number of people undernourished (million) (3-year average)","20002002","2000-2002","millions","41.3","F","FAO estimate",""
"FS","Suite of Food Security Indicators","101","Indonesia","6132","Value","210011","Number of people undernourished (million) (3-year average)","20012003","2001-2003","millions","41.8","F","FAO estimate",""
"FS","Suite of Food Security Indicators","101","Indonesia","6132","Value","210011","Number of people undernourished (million) (3-year average)","20022004","2002-2004","millions","41.8","F","FAO estimate",""
"FS","Suite of Food Security Indicators","101","Indonesia","6132","Value","210011","Number of people undernourished (million) (3-year average)","20032005","2003-2005","millions","42.7","F","FAO estimate",""
"FS","Suite of Food Security Indicators","101","Indonesia","6132","Value","210011","Number of people undernourished (million) (3-year average)","20042006","2004-2006","millions","43.7","F","FAO estimate",""
"FS","Suite of Food Security Indicators","101","Indonesia","6132","Value","210011","Number of people undernourished (million) (3-year average)","20052007","2005-2007","millions","43.7","F","FAO estimate",""
"FS","Suite of Food Security Indicators","101","Indonesia","6132","Value","210011","Number of people undernourished (million) (3-year average)","20062008","2006-2008","millions","43.1","F","FAO estimate",""
"FS","Suite of Food Security Indicators","101","Indonesia","6132","Value","210011","Number of people undernourished (million) (3-year average)","20072009","2007-2009","millions","41.1","F","FAO estimate",""
"FS","Suite of Food Security Indicators","101","Indonesia","6132","Value","210011","Number of people undernourished (million) (3-year average)","20082010","2008-2010","millions","36.9","F","FAO estimate",""
"FS","Suite of Food Security Indicators","101","Indonesia","6132","Value","210011","Number of people undernourished (million) (3-year average)","20092011","2009-2011","millions","31.2","F","FAO estimate",""
"FS","Suite of Food Security Indicators","101","Indonesia","6132","Value","210011","Number of people undernourished (million) (3-year average)","20102012","2010-2012","millions","25.8","F","FAO estimate",""
"FS","Suite of Food Security Indicators","101","Indonesia","6132","Value","210011","Number of people undernourished (million) (3-year average)","20112013","2011-2013","millions","23.1","F","FAO estimate",""
"FS","Suite of Food Security Indicators","101","Indonesia","6132","Value","210011","Number of people undernourished (million) (3-year average)","20122014","2012-2014","millions","22.4","F","FAO estimate",""
"FS","Suite of Food Security Indicators","101","Indonesia","6132","Value","210011","Number of people undernourished (million) (3-year average)","20132015","2013-2015","millions","23.6","F","FAO estimate",""
"FS","Suite of Food Security Indicators","101","Indonesia","6132","Value","210011","Number of people undernourished (million) (3-year average)","20142016","2014-2016","millions","24","F","FAO estimate",""
"FS","Suite of Food Security Indicators","101","Indonesia","6132","Value","210011","Number of people undernourished (million) (3-year average)","20152017","2015-2017","millions","24","F","FAO estimate",""
"FS","Suite of Food Security Indicators","101","Indonesia","6132","Value","210011","Number of people undernourished (million) (3-year average)","20162018","2016-2018","millions","23.6","F","FAO estimate",""
"FS","Suite of Food Security Indicators","101","Indonesia","6132","Value","210011","Number of people undernourished (million) (3-year average)","20172019","2017-2019","millions","24.1","F","FAO estimate",""
"FS","Suite of Food Security Indicators","101","Indonesia","6121","Value","210401","Prevalence of severe food insecurity in the total population (percent) (3-year average)","20142016","2014-2016","%","1","","Official data","Official estimate integrated with FAO data"
"FS","Suite of Food Security Indicators","101","Indonesia","6121","Value","210401","Prevalence of severe food insecurity in the total population (percent) (3-year average)","20152017","2015-2017","%","1","","Official data","Official estimate integrated with FAO data"
"FS","Suite of Food Security Indicators","101","Indonesia","6121","Value","210401","Prevalence of severe food insecurity in the total population (percent) (3-year average)","20162018","2016-2018","%","1","","Official data","Official estimate integrated with FAO data"
"FS","Suite of Food Security Indicators","101","Indonesia","6121","Value","210401","Prevalence of severe food insecurity in the total population (percent) (3-year average)","20172019","2017-2019","%","0.8","","Official data","Official estimate integrated with FAO data"
"FS","Suite of Food Security Indicators","101","Indonesia","6121","Value","210091","Prevalence of moderate or severe food insecurity in the total population (percent) (3-year average)","20142016","2014-2016","%","7.6","","Official data","Official estimate integrated with FAO data"
"FS","Suite of Food Security Indicators","101","Indonesia","6121","Value","210091","Prevalence of moderate or severe food insecurity in the total population (percent) (3-year average)","20152017","2015-2017","%","8.1","","Official data","Official estimate integrated with FAO data"
"FS","Suite of Food Security Indicators","101","Indonesia","6121","Value","210091","Prevalence of moderate or severe food insecurity in the total population (percent) (3-year average)","20162018","2016-2018","%","7.9","","Official data","Official estimate integrated with FAO data"
"FS","Suite of Food Security Indicators","101","Indonesia","6121","Value","210091","Prevalence of moderate or severe food insecurity in the total population (percent) (3-year average)","20172019","2017-2019","%","7","","Official data","Official estimate integrated with FAO data"
"FS","Suite of Food Security Indicators","101","Indonesia","6132","Value","210071","Number of severely food insecure people (million) (3-year average)","20142016","2014-2016","millions","2.5","","Official data","Official estimate integrated with FAO data"
"FS","Suite of Food Security Indicators","101","Indonesia","6132","Value","210071","Number of severely food insecure people (million) (3-year average)","20152017","2015-2017","millions","2.7","","Official data","Official estimate integrated with FAO data"
"FS","Suite of Food Security Indicators","101","Indonesia","6132","Value","210071","Number of severely food insecure people (million) (3-year average)","20162018","2016-2018","millions","2.6","","Official data","Official estimate integrated with FAO data"
"FS","Suite of Food Security Indicators","101","Indonesia","6132","Value","210071","Number of severely food insecure people (million) (3-year average)","20172019","2017-2019","millions","2.2","","Official data","Official estimate integrated with FAO data"
"FS","Suite of Food Security Indicators","101","Indonesia","6132","Value","210081","Number of moderately or severely food insecure people (million) (3-year average)","20142016","2014-2016","millions","19.7","","Official data","Official estimate integrated with FAO data"
"FS","Suite of Food Security Indicators","101","Indonesia","6132","Value","210081","Number of moderately or severely food insecure people (million) (3-year average)","20152017","2015-2017","millions","21.3","","Official data","Official estimate integrated with FAO data"
"FS","Suite of Food Security Indicators","101","Indonesia","6132","Value","210081","Number of moderately or severely food insecure people (million) (3-year average)","20162018","2016-2018","millions","20.8","","Official data","Official estimate integrated with FAO data"
"FS","Suite of Food Security Indicators","101","Indonesia","6132","Value","210081","Number of moderately or severely food insecure people (million) (3-year average)","20172019","2017-2019","millions","18.7","","Official data","Official estimate integrated with FAO data"
"FS","Suite of Food Security Indicators","101","Indonesia","6121","Value","21035","Cereal import dependency ratio (percent) (3-year average)","20002002","2000-2002","%","12.8","F","FAO estimate",""
"FS","Suite of Food Security Indicators","101","Indonesia","6121","Value","21035","Cereal import dependency ratio (percent) (3-year average)","20012003","2001-2003","%","12.6","F","FAO estimate",""
"FS","Suite of Food Security Indicators","101","Indonesia","6121","Value","21035","Cereal import dependency ratio (percent) (3-year average)","20022004","2002-2004","%","13.3","F","FAO estimate",""
"FS","Suite of Food Security Indicators","101","Indonesia","6121","Value","21035","Cereal import dependency ratio (percent) (3-year average)","20032005","2003-2005","%","11.5","F","FAO estimate",""
"FS","Suite of Food Security Indicators","101","Indonesia","6121","Value","21035","Cereal import dependency ratio (percent) (3-year average)","20042006","2004-2006","%","11.7","F","FAO estimate",""
"FS","Suite of Food Security Indicators","101","Indonesia","6121","Value","21035","Cereal import dependency ratio (percent) (3-year average)","20052007","2005-2007","%","12.2","F","FAO estimate",""
"FS","Suite of Food Security Indicators","101","Indonesia","6121","Value","21035","Cereal import dependency ratio (percent) (3-year average)","20062008","2006-2008","%","11.9","F","FAO estimate",""
"FS","Suite of Food Security Indicators","101","Indonesia","6121","Value","21035","Cereal import dependency ratio (percent) (3-year average)","20072009","2007-2009","%","10.5","F","FAO estimate",""
"FS","Suite of Food Security Indicators","101","Indonesia","6121","Value","21035","Cereal import dependency ratio (percent) (3-year average)","20082010","2008-2010","%","10.2","F","FAO estimate",""
"FS","Suite of Food Security Indicators","101","Indonesia","6121","Value","21035","Cereal import dependency ratio (percent) (3-year average)","20092011","2009-2011","%","13.1","F","FAO estimate",""
"FS","Suite of Food Security Indicators","101","Indonesia","6121","Value","21035","Cereal import dependency ratio (percent) (3-year average)","20102012","2010-2012","%","14.7","F","FAO estimate",""
"FS","Suite of Food Security Indicators","101","Indonesia","6121","Value","21035","Cereal import dependency ratio (percent) (3-year average)","20112013","2011-2013","%","15.4","F","FAO estimate",""
"FS","Suite of Food Security Indicators","101","Indonesia","6121","Value","21035","Cereal import dependency ratio (percent) (3-year average)","20122014","2012-2014","%","13.4","F","FAO estimate",""
"FS","Suite of Food Security Indicators","101","Indonesia","6121","Value","21035","Cereal import dependency ratio (percent) (3-year average)","20132015","2013-2015","%","12.4","F","FAO estimate",""
"FS","Suite of Food Security Indicators","101","Indonesia","6121","Value","21035","Cereal import dependency ratio (percent) (3-year average)","20142016","2014-2016","%","11.5","F","FAO estimate",""
"FS","Suite of Food Security Indicators","101","Indonesia","6121","Value","21035","Cereal import dependency ratio (percent) (3-year average)","20152017","2015-2017","%","10.7","F","FAO estimate",""
"FS","Suite of Food Security Indicators","101","Indonesia","6121","Value","21034","Percent of arable land equipped for irrigation (percent) (3-year average)","20002002","2000-2002","%","28.4","F","FAO estimate",""
"FS","Suite of Food Security Indicators","101","Indonesia","6121","Value","21034","Percent of arable land equipped for irrigation (percent) (3-year average)","20012003","2001-2003","%","28.7","F","FAO estimate",""
"FS","Suite of Food Security Indicators","101","Indonesia","6121","Value","21034","Percent of arable land equipped for irrigation (percent) (3-year average)","20022004","2002-2004","%","27.9","F","FAO estimate",""
"FS","Suite of Food Security Indicators","101","Indonesia","6121","Value","21034","Percent of arable land equipped for irrigation (percent) (3-year average)","20032005","2003-2005","%","27.8","F","FAO estimate",""
"FS","Suite of Food Security Indicators","101","Indonesia","6121","Value","21034","Percent of arable land equipped for irrigation (percent) (3-year average)","20042006","2004-2006","%","28.9","F","FAO estimate",""
"FS","Suite of Food Security Indicators","101","Indonesia","6121","Value","21034","Percent of arable land equipped for irrigation (percent) (3-year average)","20052007","2005-2007","%","30.3","F","FAO estimate",""
"FS","Suite of Food Security Indicators","101","Indonesia","6121","Value","21034","Percent of arable land equipped for irrigation (percent) (3-year average)","20062008","2006-2008","%","30.5","F","FAO estimate",""
"FS","Suite of Food Security Indicators","101","Indonesia","6121","Value","21034","Percent of arable land equipped for irrigation (percent) (3-year average)","20072009","2007-2009","%","29.5","F","FAO estimate",""
"FS","Suite of Food Security Indicators","101","Indonesia","6121","Value","21034","Percent of arable land equipped for irrigation (percent) (3-year average)","20082010","2008-2010","%","28.8","F","FAO estimate",""
"FS","Suite of Food Security Indicators","101","Indonesia","6121","Value","21034","Percent of arable land equipped for irrigation (percent) (3-year average)","20092011","2009-2011","%","28.5","F","FAO estimate",""
"FS","Suite of Food Security Indicators","101","Indonesia","6121","Value","21034","Percent of arable land equipped for irrigation (percent) (3-year average)","20102012","2010-2012","%","28.6","F","FAO estimate",""
"FS","Suite of Food Security Indicators","101","Indonesia","6121","Value","21034","Percent of arable land equipped for irrigation (percent) (3-year average)","20112013","2011-2013","%","28.6","F","FAO estimate",""
"FS","Suite of Food Security Indicators","101","Indonesia","6121","Value","21034","Percent of arable land equipped for irrigation (percent) (3-year average)","20122014","2012-2014","%","28.6","F","FAO estimate",""
"FS","Suite of Food Security Indicators","101","Indonesia","6121","Value","21034","Percent of arable land equipped for irrigation (percent) (3-year average)","20132015","2013-2015","%","28.5","F","FAO estimate",""
"FS","Suite of Food Security Indicators","101","Indonesia","6121","Value","21034","Percent of arable land equipped for irrigation (percent) (3-year average)","20142016","2014-2016","%","27.8","F","FAO estimate",""
"FS","Suite of Food Security Indicators","101","Indonesia","6121","Value","21034","Percent of arable land equipped for irrigation (percent) (3-year average)","20152017","2015-2017","%","26.8","F","FAO estimate",""
"FS","Suite of Food Security Indicators","101","Indonesia","6121","Value","21033","Value of food imports in total merchandise exports (percent) (3-year average)","20002002","2000-2002","%","4","F","FAO estimate",""
"FS","Suite of Food Security Indicators","101","Indonesia","6121","Value","21033","Value of food imports in total merchandise exports (percent) (3-year average)","20012003","2001-2003","%","4","F","FAO estimate",""
"FS","Suite of Food Security Indicators","101","Indonesia","6121","Value","21033","Value of food imports in total merchandise exports (percent) (3-year average)","20022004","2002-2004","%","5","F","FAO estimate",""
"FS","Suite of Food Security Indicators","101","Indonesia","6121","Value","21033","Value of food imports in total merchandise exports (percent) (3-year average)","20032005","2003-2005","%","4","F","FAO estimate",""
"FS","Suite of Food Security Indicators","101","Indonesia","6121","Value","21033","Value of food imports in total merchandise exports (percent) (3-year average)","20042006","2004-2006","%","4","F","FAO estimate",""
"FS","Suite of Food Security Indicators","101","Indonesia","6121","Value","21033","Value of food imports in total merchandise exports (percent) (3-year average)","20052007","2005-2007","%","5","F","FAO estimate",""
"FS","Suite of Food Security Indicators","101","Indonesia","6121","Value","21033","Value of food imports in total merchandise exports (percent) (3-year average)","20062008","2006-2008","%","5","F","FAO estimate",""
"FS","Suite of Food Security Indicators","101","Indonesia","6121","Value","21033","Value of food imports in total merchandise exports (percent) (3-year average)","20072009","2007-2009","%","5","F","FAO estimate",""
"FS","Suite of Food Security Indicators","101","Indonesia","6121","Value","21033","Value of food imports in total merchandise exports (percent) (3-year average)","20082010","2008-2010","%","5","F","FAO estimate",""
"FS","Suite of Food Security Indicators","101","Indonesia","6121","Value","21033","Value of food imports in total merchandise exports (percent) (3-year average)","20092011","2009-2011","%","6","F","FAO estimate",""
"FS","Suite of Food Security Indicators","101","Indonesia","6121","Value","21033","Value of food imports in total merchandise exports (percent) (3-year average)","20102012","2010-2012","%","6","F","FAO estimate",""
"FS","Suite of Food Security Indicators","101","Indonesia","6121","Value","21033","Value of food imports in total merchandise exports (percent) (3-year average)","20112013","2011-2013","%","6","F","FAO estimate",""
"FS","Suite of Food Security Indicators","101","Indonesia","6121","Value","21033","Value of food imports in total merchandise exports (percent) (3-year average)","20122014","2012-2014","%","7","F","FAO estimate",""
"FS","Suite of Food Security Indicators","101","Indonesia","6121","Value","21033","Value of food imports in total merchandise exports (percent) (3-year average)","20132015","2013-2015","%","7","F","FAO estimate",""
"FS","Suite of Food Security Indicators","101","Indonesia","6121","Value","21033","Value of food imports in total merchandise exports (percent) (3-year average)","20142016","2014-2016","%","7","F","FAO estimate",""
"FS","Suite of Food Security Indicators","101","Indonesia","6121","Value","21033","Value of food imports in total merchandise exports (percent) (3-year average)","20152017","2015-2017","%","8","F","FAO estimate",""
"FS","Suite of Food Security Indicators","101","Indonesia","6125","Value","21032","Political stability and absence of violence/terrorism (index)","2000","2000","index","-2","X","International reliable sources",""
"FS","Suite of Food Security Indicators","101","Indonesia","6125","Value","21032","Political stability and absence of violence/terrorism (index)","2002","2002","index","-1.58","X","International reliable sources",""
"FS","Suite of Food Security Indicators","101","Indonesia","6125","Value","21032","Political stability and absence of violence/terrorism (index)","2003","2003","index","-2.09","X","International reliable sources",""
"FS","Suite of Food Security Indicators","101","Indonesia","6125","Value","21032","Political stability and absence of violence/terrorism (index)","2004","2004","index","-1.91","X","International reliable sources",""
"FS","Suite of Food Security Indicators","101","Indonesia","6125","Value","21032","Political stability and absence of violence/terrorism (index)","2005","2005","index","-1.52","X","International reliable sources",""
"FS","Suite of Food Security Indicators","101","Indonesia","6125","Value","21032","Political stability and absence of violence/terrorism (index)","2006","2006","index","-1.42","X","International reliable sources",""
"FS","Suite of Food Security Indicators","101","Indonesia","6125","Value","21032","Political stability and absence of violence/terrorism (index)","2007","2007","index","-1.2","X","International reliable sources",""
"FS","Suite of Food Security Indicators","101","Indonesia","6125","Value","21032","Political stability and absence of violence/terrorism (index)","2008","2008","index","-1.06","X","International reliable sources",""
"FS","Suite of Food Security Indicators","101","Indonesia","6125","Value","21032","Political stability and absence of violence/terrorism (index)","2009","2009","index","-0.75","X","International reliable sources",""
"FS","Suite of Food Security Indicators","101","Indonesia","6125","Value","21032","Political stability and absence of violence/terrorism (index)","2010","2010","index","-0.85","X","International reliable sources",""
"FS","Suite of Food Security Indicators","101","Indonesia","6125","Value","21032","Political stability and absence of violence/terrorism (index)","2011","2011","index","-0.77","X","International reliable sources",""
"FS","Suite of Food Security Indicators","101","Indonesia","6125","Value","21032","Political stability and absence of violence/terrorism (index)","2012","2012","index","-0.59","X","International reliable sources",""
"FS","Suite of Food Security Indicators","101","Indonesia","6125","Value","21032","Political stability and absence of violence/terrorism (index)","2013","2013","index","-0.52","X","International reliable sources",""
"FS","Suite of Food Security Indicators","101","Indonesia","6125","Value","21032","Political stability and absence of violence/terrorism (index)","2014","2014","index","-0.42","X","International reliable sources",""
"FS","Suite of Food Security Indicators","101","Indonesia","6125","Value","21032","Political stability and absence of violence/terrorism (index)","2015","2015","index","-0.62","X","International reliable sources",""
"FS","Suite of Food Security Indicators","101","Indonesia","6125","Value","21032","Political stability and absence of violence/terrorism (index)","2016","2016","index","-0.37","X","International reliable sources",""
"FS","Suite of Food Security Indicators","101","Indonesia","6125","Value","21032","Political stability and absence of violence/terrorism (index)","2017","2017","index","-0.5","X","International reliable sources",""
"FS","Suite of Food Security Indicators","101","Indonesia","6125","Value","21032","Political stability and absence of violence/terrorism (index)","2018","2018","index","-0.53","X","International reliable sources",""
"FS","Suite of Food Security Indicators","101","Indonesia","6127","Value","21030","Per capita food production variability (constant 2004-2006 thousand int$ per capita)","2001","2001","1000 I$","9.1","F","FAO estimate",""
"FS","Suite of Food Security Indicators","101","Indonesia","6127","Value","21030","Per capita food production variability (constant 2004-2006 thousand int$ per capita)","2002","2002","1000 I$","4.9","F","FAO estimate",""
"FS","Suite of Food Security Indicators","101","Indonesia","6127","Value","21030","Per capita food production variability (constant 2004-2006 thousand int$ per capita)","2003","2003","1000 I$","2.4","F","FAO estimate",""
"FS","Suite of Food Security Indicators","101","Indonesia","6127","Value","21030","Per capita food production variability (constant 2004-2006 thousand int$ per capita)","2004","2004","1000 I$","4.2","F","FAO estimate",""
"FS","Suite of Food Security Indicators","101","Indonesia","6127","Value","21030","Per capita food production variability (constant 2004-2006 thousand int$ per capita)","2005","2005","1000 I$","5.2","F","FAO estimate",""
"FS","Suite of Food Security Indicators","101","Indonesia","6127","Value","21030","Per capita food production variability (constant 2004-2006 thousand int$ per capita)","2006","2006","1000 I$","4.6","F","FAO estimate",""
"FS","Suite of Food Security Indicators","101","Indonesia","6127","Value","21030","Per capita food production variability (constant 2004-2006 thousand int$ per capita)","2007","2007","1000 I$","5.1","F","FAO estimate",""
"FS","Suite of Food Security Indicators","101","Indonesia","6127","Value","21030","Per capita food production variability (constant 2004-2006 thousand int$ per capita)","2008","2008","1000 I$","4","F","FAO estimate",""
"FS","Suite of Food Security Indicators","101","Indonesia","6127","Value","21030","Per capita food production variability (constant 2004-2006 thousand int$ per capita)","2009","2009","1000 I$","4","F","FAO estimate",""
"FS","Suite of Food Security Indicators","101","Indonesia","6127","Value","21030","Per capita food production variability (constant 2004-2006 thousand int$ per capita)","2010","2010","1000 I$","5","F","FAO estimate",""
"FS","Suite of Food Security Indicators","101","Indonesia","6127","Value","21030","Per capita food production variability (constant 2004-2006 thousand int$ per capita)","2011","2011","1000 I$","2.7","F","FAO estimate",""
"FS","Suite of Food Security Indicators","101","Indonesia","6127","Value","21030","Per capita food production variability (constant 2004-2006 thousand int$ per capita)","2012","2012","1000 I$","3.2","F","FAO estimate",""
"FS","Suite of Food Security Indicators","101","Indonesia","6127","Value","21030","Per capita food production variability (constant 2004-2006 thousand int$ per capita)","2013","2013","1000 I$","3.9","F","FAO estimate",""
"FS","Suite of Food Security Indicators","101","Indonesia","6127","Value","21030","Per capita food production variability (constant 2004-2006 thousand int$ per capita)","2014","2014","1000 I$","4","F","FAO estimate",""
"FS","Suite of Food Security Indicators","101","Indonesia","6127","Value","21030","Per capita food production variability (constant 2004-2006 thousand int$ per capita)","2015","2015","1000 I$","4.3","F","FAO estimate",""
"FS","Suite of Food Security Indicators","101","Indonesia","6128","Value","21031","Per capita food supply variability (kcal/cap/day)","2000","2000","kcal/capita/day","38","F","FAO estimate",""
"FS","Suite of Food Security Indicators","101","Indonesia","6128","Value","21031","Per capita food supply variability (kcal/cap/day)","2001","2001","kcal/capita/day","43","F","FAO estimate",""
"FS","Suite of Food Security Indicators","101","Indonesia","6128","Value","21031","Per capita food supply variability (kcal/cap/day)","2002","2002","kcal/capita/day","36","F","FAO estimate",""
"FS","Suite of Food Security Indicators","101","Indonesia","6128","Value","21031","Per capita food supply variability (kcal/cap/day)","2003","2003","kcal/capita/day","29","F","FAO estimate",""
"FS","Suite of Food Security Indicators","101","Indonesia","6128","Value","21031","Per capita food supply variability (kcal/cap/day)","2004","2004","kcal/capita/day","18","F","FAO estimate",""
"FS","Suite of Food Security Indicators","101","Indonesia","6128","Value","21031","Per capita food supply variability (kcal/cap/day)","2005","2005","kcal/capita/day","11","F","FAO estimate",""
"FS","Suite of Food Security Indicators","101","Indonesia","6128","Value","21031","Per capita food supply variability (kcal/cap/day)","2006","2006","kcal/capita/day","12","F","FAO estimate",""
"FS","Suite of Food Security Indicators","101","Indonesia","6128","Value","21031","Per capita food supply variability (kcal/cap/day)","2007","2007","kcal/capita/day","11","F","FAO estimate",""
"FS","Suite of Food Security Indicators","101","Indonesia","6128","Value","21031","Per capita food supply variability (kcal/cap/day)","2008","2008","kcal/capita/day","11","F","FAO estimate",""
"FS","Suite of Food Security Indicators","101","Indonesia","6128","Value","21031","Per capita food supply variability (kcal/cap/day)","2009","2009","kcal/capita/day","10","F","FAO estimate",""
"FS","Suite of Food Security Indicators","101","Indonesia","6128","Value","21031","Per capita food supply variability (kcal/cap/day)","2010","2010","kcal/capita/day","21","F","FAO estimate",""
"FS","Suite of Food Security Indicators","101","Indonesia","6128","Value","21031","Per capita food supply variability (kcal/cap/day)","2011","2011","kcal/capita/day","27","F","FAO estimate",""
"FS","Suite of Food Security Indicators","101","Indonesia","6128","Value","21031","Per capita food supply variability (kcal/cap/day)","2012","2012","kcal/capita/day","31","F","FAO estimate",""
"FS","Suite of Food Security Indicators","101","Indonesia","6128","Value","21031","Per capita food supply variability (kcal/cap/day)","2013","2013","kcal/capita/day","34","F","FAO estimate",""
"FS","Suite of Food Security Indicators","101","Indonesia","6128","Value","21031","Per capita food supply variability (kcal/cap/day)","2014","2014","kcal/capita/day","22","F","FAO estimate",""
"FS","Suite of Food Security Indicators","101","Indonesia","6128","Value","21031","Per capita food supply variability (kcal/cap/day)","2015","2015","kcal/capita/day","18","F","FAO estimate",""
"FS","Suite of Food Security Indicators","101","Indonesia","6128","Value","21031","Per capita food supply variability (kcal/cap/day)","2016","2016","kcal/capita/day","23","F","FAO estimate",""
"FS","Suite of Food Security Indicators","101","Indonesia","6128","Value","21031","Per capita food supply variability (kcal/cap/day)","2017","2017","kcal/capita/day","30","F","FAO estimate",""
"FS","Suite of Food Security Indicators","101","Indonesia","6121","Value","21047","Percentage of population using at least basic drinking water services (percent)","2000","2000","%","75.7","X","International reliable sources",""
"FS","Suite of Food Security Indicators","101","Indonesia","6121","Value","21047","Percentage of population using at least basic drinking water services (percent)","2001","2001","%","76.6","X","International reliable sources",""
"FS","Suite of Food Security Indicators","101","Indonesia","6121","Value","21047","Percentage of population using at least basic drinking water services (percent)","2002","2002","%","77.5","X","International reliable sources",""
"FS","Suite of Food Security Indicators","101","Indonesia","6121","Value","21047","Percentage of population using at least basic drinking water services (percent)","2003","2003","%","78.5","X","International reliable sources",""
"FS","Suite of Food Security Indicators","101","Indonesia","6121","Value","21047","Percentage of population using at least basic drinking water services (percent)","2004","2004","%","79.4","X","International reliable sources",""
"FS","Suite of Food Security Indicators","101","Indonesia","6121","Value","21047","Percentage of population using at least basic drinking water services (percent)","2005","2005","%","80.3","X","International reliable sources",""
"FS","Suite of Food Security Indicators","101","Indonesia","6121","Value","21047","Percentage of population using at least basic drinking water services (percent)","2006","2006","%","81.1","X","International reliable sources",""
"FS","Suite of Food Security Indicators","101","Indonesia","6121","Value","21047","Percentage of population using at least basic drinking water services (percent)","2007","2007","%","82","X","International reliable sources",""
"FS","Suite of Food Security Indicators","101","Indonesia","6121","Value","21047","Percentage of population using at least basic drinking water services (percent)","2008","2008","%","82.8","X","International reliable sources",""
"FS","Suite of Food Security Indicators","101","Indonesia","6121","Value","21047","Percentage of population using at least basic drinking water services (percent)","2009","2009","%","83.5","X","International reliable sources",""
"FS","Suite of Food Security Indicators","101","Indonesia","6121","Value","21047","Percentage of population using at least basic drinking water services (percent)","2010","2010","%","84.3","X","International reliable sources",""
"FS","Suite of Food Security Indicators","101","Indonesia","6121","Value","21047","Percentage of population using at least basic drinking water services (percent)","2011","2011","%","85.1","X","International reliable sources",""
"FS","Suite of Food Security Indicators","101","Indonesia","6121","Value","21047","Percentage of population using at least basic drinking water services (percent)","2012","2012","%","85.8","X","International reliable sources",""
"FS","Suite of Food Security Indicators","101","Indonesia","6121","Value","21047","Percentage of population using at least basic drinking water services (percent)","2013","2013","%","86.5","X","International reliable sources",""
"FS","Suite of Food Security Indicators","101","Indonesia","6121","Value","21047","Percentage of population using at least basic drinking water services (percent)","2014","2014","%","87.3","X","International reliable sources",""
"FS","Suite of Food Security Indicators","101","Indonesia","6121","Value","21047","Percentage of population using at least basic drinking water services (percent)","2015","2015","%","88","X","International reliable sources",""
"FS","Suite of Food Security Indicators","101","Indonesia","6121","Value","21047","Percentage of population using at least basic drinking water services (percent)","2016","2016","%","88.7","X","International reliable sources",""
"FS","Suite of Food Security Indicators","101","Indonesia","6121","Value","21047","Percentage of population using at least basic drinking water services (percent)","2017","2017","%","89.3","X","International reliable sources",""
"FS","Suite of Food Security Indicators","101","Indonesia","6121","Value","21048","Percentage of population using at least basic sanitation services (percent)","2000","2000","%","41.1","X","International reliable sources",""
"FS","Suite of Food Security Indicators","101","Indonesia","6121","Value","21048","Percentage of population using at least basic sanitation services (percent)","2001","2001","%","43","X","International reliable sources",""
"FS","Suite of Food Security Indicators","101","Indonesia","6121","Value","21048","Percentage of population using at least basic sanitation services (percent)","2002","2002","%","44.8","X","International reliable sources",""
"FS","Suite of Food Security Indicators","101","Indonesia","6121","Value","21048","Percentage of population using at least basic sanitation services (percent)","2003","2003","%","46.7","X","International reliable sources",""
"FS","Suite of Food Security Indicators","101","Indonesia","6121","Value","21048","Percentage of population using at least basic sanitation services (percent)","2004","2004","%","48.6","X","International reliable sources",""
"FS","Suite of Food Security Indicators","101","Indonesia","6121","Value","21048","Percentage of population using at least basic sanitation services (percent)","2005","2005","%","50.5","X","International reliable sources",""
"FS","Suite of Food Security Indicators","101","Indonesia","6121","Value","21048","Percentage of population using at least basic sanitation services (percent)","2006","2006","%","52.4","X","International reliable sources",""
"FS","Suite of Food Security Indicators","101","Indonesia","6121","Value","21048","Percentage of population using at least basic sanitation services (percent)","2007","2007","%","54.3","X","International reliable sources",""
"FS","Suite of Food Security Indicators","101","Indonesia","6121","Value","21048","Percentage of population using at least basic sanitation services (percent)","2008","2008","%","56.2","X","International reliable sources",""
"FS","Suite of Food Security Indicators","101","Indonesia","6121","Value","21048","Percentage of population using at least basic sanitation services (percent)","2009","2009","%","58.1","X","International reliable sources",""
"FS","Suite of Food Security Indicators","101","Indonesia","6121","Value","21048","Percentage of population using at least basic sanitation services (percent)","2010","2010","%","60","X","International reliable sources",""
"FS","Suite of Food Security Indicators","101","Indonesia","6121","Value","21048","Percentage of population using at least basic sanitation services (percent)","2011","2011","%","61.9","X","International reliable sources",""
"FS","Suite of Food Security Indicators","101","Indonesia","6121","Value","21048","Percentage of population using at least basic sanitation services (percent)","2012","2012","%","63.7","X","International reliable sources",""
"FS","Suite of Food Security Indicators","101","Indonesia","6121","Value","21048","Percentage of population using at least basic sanitation services (percent)","2013","2013","%","65.6","X","International reliable sources",""
"FS","Suite of Food Security Indicators","101","Indonesia","6121","Value","21048","Percentage of population using at least basic sanitation services (percent)","2014","2014","%","67.5","X","International reliable sources",""
"FS","Suite of Food Security Indicators","101","Indonesia","6121","Value","21048","Percentage of population using at least basic sanitation services (percent)","2015","2015","%","69.4","X","International reliable sources",""
"FS","Suite of Food Security Indicators","101","Indonesia","6121","Value","21048","Percentage of population using at least basic sanitation services (percent)","2016","2016","%","71.3","X","International reliable sources",""
"FS","Suite of Food Security Indicators","101","Indonesia","6121","Value","21048","Percentage of population using at least basic sanitation services (percent)","2017","2017","%","73.1","X","International reliable sources",""
"FS","Suite of Food Security Indicators","101","Indonesia","6121","Value","21026","Percentage of children under 5 years affected by wasting (percent)","2000","2000","%","5.5","X","International reliable sources",""
"FS","Suite of Food Security Indicators","101","Indonesia","6121","Value","21026","Percentage of children under 5 years affected by wasting (percent)","2001","2001","%","5.4","X","International reliable sources",""
"FS","Suite of Food Security Indicators","101","Indonesia","6121","Value","21026","Percentage of children under 5 years affected by wasting (percent)","2004","2004","%","14.4","X","International reliable sources",""
"FS","Suite of Food Security Indicators","101","Indonesia","6121","Value","21026","Percentage of children under 5 years affected by wasting (percent)","2007","2007","%","14.8","X","International reliable sources",""
"FS","Suite of Food Security Indicators","101","Indonesia","6121","Value","21026","Percentage of children under 5 years affected by wasting (percent)","2010","2010","%","12.3","X","International reliable sources",""
"FS","Suite of Food Security Indicators","101","Indonesia","6121","Value","21026","Percentage of children under 5 years affected by wasting (percent)","2013","2013","%","13.5","X","International reliable sources",""
"FS","Suite of Food Security Indicators","101","Indonesia","6121","Value","21026","Percentage of children under 5 years affected by wasting (percent)","2018","2018","%","10.2","X","International reliable sources",""
"FS","Suite of Food Security Indicators","101","Indonesia","6121","Value","21025","Percentage of children under 5 years of age who are stunted (percent)","2000","2000","%","42.4","X","International reliable sources",""
"FS","Suite of Food Security Indicators","101","Indonesia","6121","Value","21025","Percentage of children under 5 years of age who are stunted (percent)","2001","2001","%","41.6","X","International reliable sources",""
"FS","Suite of Food Security Indicators","101","Indonesia","6121","Value","21025","Percentage of children under 5 years of age who are stunted (percent)","2004","2004","%","28.6","X","International reliable sources",""
"FS","Suite of Food Security Indicators","101","Indonesia","6121","Value","21025","Percentage of children under 5 years of age who are stunted (percent)","2007","2007","%","40.1","X","International reliable sources",""
"FS","Suite of Food Security Indicators","101","Indonesia","6121","Value","21025","Percentage of children under 5 years of age who are stunted (percent)","2010","2010","%","39.2","X","International reliable sources",""
"FS","Suite of Food Security Indicators","101","Indonesia","6121","Value","21025","Percentage of children under 5 years of age who are stunted (percent)","2013","2013","%","36.4","X","International reliable sources",""
"FS","Suite of Food Security Indicators","101","Indonesia","6121","Value","21025","Percentage of children under 5 years of age who are stunted (percent)","2018","2018","%","30.5","X","International reliable sources",""
"FS","Suite of Food Security Indicators","101","Indonesia","6121","Value","21041","Percentage of children under 5 years of age who are overweight (percent)","2000","2000","%","1.5","X","International reliable sources",""
"FS","Suite of Food Security Indicators","101","Indonesia","6121","Value","21041","Percentage of children under 5 years of age who are overweight (percent)","2001","2001","%","1.5","X","International reliable sources",""
"FS","Suite of Food Security Indicators","101","Indonesia","6121","Value","21041","Percentage of children under 5 years of age who are overweight (percent)","2004","2004","%","5.1","X","International reliable sources",""
"FS","Suite of Food Security Indicators","101","Indonesia","6121","Value","21041","Percentage of children under 5 years of age who are overweight (percent)","2007","2007","%","11.2","X","International reliable sources",""
"FS","Suite of Food Security Indicators","101","Indonesia","6121","Value","21041","Percentage of children under 5 years of age who are overweight (percent)","2010","2010","%","12.3","X","International reliable sources",""
"FS","Suite of Food Security Indicators","101","Indonesia","6121","Value","21041","Percentage of children under 5 years of age who are overweight (percent)","2013","2013","%","11.5","X","International reliable sources",""
"FS","Suite of Food Security Indicators","101","Indonesia","6121","Value","21041","Percentage of children under 5 years of age who are overweight (percent)","2018","2018","%","8","X","International reliable sources",""
"FS","Suite of Food Security Indicators","101","Indonesia","6121","Value","21042","Prevalence of obesity in the adult population (18 years and older)","2000","2000","%","2.6","X","International reliable sources",""
"FS","Suite of Food Security Indicators","101","Indonesia","6121","Value","21042","Prevalence of obesity in the adult population (18 years and older)","2001","2001","%","2.8","X","International reliable sources",""
"FS","Suite of Food Security Indicators","101","Indonesia","6121","Value","21042","Prevalence of obesity in the adult population (18 years and older)","2002","2002","%","3","X","International reliable sources",""
"FS","Suite of Food Security Indicators","101","Indonesia","6121","Value","21042","Prevalence of obesity in the adult population (18 years and older)","2003","2003","%","3.2","X","International reliable sources",""
"FS","Suite of Food Security Indicators","101","Indonesia","6121","Value","21042","Prevalence of obesity in the adult population (18 years and older)","2004","2004","%","3.4","X","International reliable sources",""
"FS","Suite of Food Security Indicators","101","Indonesia","6121","Value","21042","Prevalence of obesity in the adult population (18 years and older)","2005","2005","%","3.6","X","International reliable sources",""
"FS","Suite of Food Security Indicators","101","Indonesia","6121","Value","21042","Prevalence of obesity in the adult population (18 years and older)","2006","2006","%","3.8","X","International reliable sources",""
"FS","Suite of Food Security Indicators","101","Indonesia","6121","Value","21042","Prevalence of obesity in the adult population (18 years and older)","2007","2007","%","4.1","X","International reliable sources",""
"FS","Suite of Food Security Indicators","101","Indonesia","6121","Value","21042","Prevalence of obesity in the adult population (18 years and older)","2008","2008","%","4.3","X","International reliable sources",""
"FS","Suite of Food Security Indicators","101","Indonesia","6121","Value","21042","Prevalence of obesity in the adult population (18 years and older)","2009","2009","%","4.6","X","International reliable sources",""
"FS","Suite of Food Security Indicators","101","Indonesia","6121","Value","21042","Prevalence of obesity in the adult population (18 years and older)","2010","2010","%","4.9","X","International reliable sources",""
"FS","Suite of Food Security Indicators","101","Indonesia","6121","Value","21042","Prevalence of obesity in the adult population (18 years and older)","2011","2011","%","5.2","X","International reliable sources",""
"FS","Suite of Food Security Indicators","101","Indonesia","6121","Value","21042","Prevalence of obesity in the adult population (18 years and older)","2012","2012","%","5.5","X","International reliable sources",""
"FS","Suite of Food Security Indicators","101","Indonesia","6121","Value","21042","Prevalence of obesity in the adult population (18 years and older)","2013","2013","%","5.8","X","International reliable sources",""
"FS","Suite of Food Security Indicators","101","Indonesia","6121","Value","21042","Prevalence of obesity in the adult population (18 years and older)","2014","2014","%","6.1","X","International reliable sources",""
"FS","Suite of Food Security Indicators","101","Indonesia","6121","Value","21042","Prevalence of obesity in the adult population (18 years and older)","2015","2015","%","6.5","X","International reliable sources",""
"FS","Suite of Food Security Indicators","101","Indonesia","6121","Value","21042","Prevalence of obesity in the adult population (18 years and older)","2016","2016","%","6.9","X","International reliable sources",""
"FS","Suite of Food Security Indicators","101","Indonesia","6121","Value","21043","Prevalence of anemia among women of reproductive age (15-49 years)","2000","2000","%","32.8","X","International reliable sources",""
"FS","Suite of Food Security Indicators","101","Indonesia","6121","Value","21043","Prevalence of anemia among women of reproductive age (15-49 years)","2001","2001","%","31.9","X","International reliable sources",""
"FS","Suite of Food Security Indicators","101","Indonesia","6121","Value","21043","Prevalence of anemia among women of reproductive age (15-49 years)","2002","2002","%","31.1","X","International reliable sources",""
"FS","Suite of Food Security Indicators","101","Indonesia","6121","Value","21043","Prevalence of anemia among women of reproductive age (15-49 years)","2003","2003","%","30.4","X","International reliable sources",""
"FS","Suite of Food Security Indicators","101","Indonesia","6121","Value","21043","Prevalence of anemia among women of reproductive age (15-49 years)","2004","2004","%","29.6","X","International reliable sources",""
"FS","Suite of Food Security Indicators","101","Indonesia","6121","Value","21043","Prevalence of anemia among women of reproductive age (15-49 years)","2005","2005","%","28.9","X","International reliable sources",""
"FS","Suite of Food Security Indicators","101","Indonesia","6121","Value","21043","Prevalence of anemia among women of reproductive age (15-49 years)","2006","2006","%","28.2","X","International reliable sources",""
"FS","Suite of Food Security Indicators","101","Indonesia","6121","Value","21043","Prevalence of anemia among women of reproductive age (15-49 years)","2007","2007","%","27.5","X","International reliable sources",""
"FS","Suite of Food Security Indicators","101","Indonesia","6121","Value","21043","Prevalence of anemia among women of reproductive age (15-49 years)","2008","2008","%","26.8","X","International reliable sources",""
"FS","Suite of Food Security Indicators","101","Indonesia","6121","Value","21043","Prevalence of anemia among women of reproductive age (15-49 years)","2009","2009","%","26.3","X","International reliable sources",""
"FS","Suite of Food Security Indicators","101","Indonesia","6121","Value","21043","Prevalence of anemia among women of reproductive age (15-49 years)","2010","2010","%","26.1","X","International reliable sources",""
"FS","Suite of Food Security Indicators","101","Indonesia","6121","Value","21043","Prevalence of anemia among women of reproductive age (15-49 years)","2011","2011","%","26","X","International reliable sources",""
"FS","Suite of Food Security Indicators","101","Indonesia","6121","Value","21043","Prevalence of anemia among women of reproductive age (15-49 years)","2012","2012","%","26.2","X","International reliable sources",""
"FS","Suite of Food Security Indicators","101","Indonesia","6121","Value","21043","Prevalence of anemia among women of reproductive age (15-49 years)","2013","2013","%","26.5","X","International reliable sources",""
"FS","Suite of Food Security Indicators","101","Indonesia","6121","Value","21043","Prevalence of anemia among women of reproductive age (15-49 years)","2014","2014","%","27.1","X","International reliable sources",""
"FS","Suite of Food Security Indicators","101","Indonesia","6121","Value","21043","Prevalence of anemia among women of reproductive age (15-49 years)","2015","2015","%","27.9","X","International reliable sources",""
"FS","Suite of Food Security Indicators","101","Indonesia","6121","Value","21043","Prevalence of anemia among women of reproductive age (15-49 years)","2016","2016","%","28.8","X","International reliable sources",""
"FS","Suite of Food Security Indicators","101","Indonesia","6121","Value","21044","Prevalence of exclusive breastfeeding among infants 0-5 months of age","2002","2002","%","38.7","X","International reliable sources",""
"FS","Suite of Food Security Indicators","101","Indonesia","6121","Value","21044","Prevalence of exclusive breastfeeding among infants 0-5 months of age","2007","2007","%","31.2","X","International reliable sources",""
"FS","Suite of Food Security Indicators","101","Indonesia","6121","Value","21044","Prevalence of exclusive breastfeeding among infants 0-5 months of age","2012","2012","%","40.9","X","International reliable sources",""
"FS","Suite of Food Security Indicators","101","Indonesia","6121","Value","21044","Prevalence of exclusive breastfeeding among infants 0-5 months of age","2017","2017","%","50.7","X","International reliable sources",""
"FS","Suite of Food Security Indicators","101","Indonesia","6121","Value","21049","Prevalence of low birthweight (percent)","2000","2000","%","11.2","X","International reliable sources",""
"FS","Suite of Food Security Indicators","101","Indonesia","6121","Value","21049","Prevalence of low birthweight (percent)","2001","2001","%","11.1","X","International reliable sources",""
"FS","Suite of Food Security Indicators","101","Indonesia","6121","Value","21049","Prevalence of low birthweight (percent)","2002","2002","%","11","X","International reliable sources",""
"FS","Suite of Food Security Indicators","101","Indonesia","6121","Value","21049","Prevalence of low birthweight (percent)","2003","2003","%","10.8","X","International reliable sources",""
"FS","Suite of Food Security Indicators","101","Indonesia","6121","Value","21049","Prevalence of low birthweight (percent)","2004","2004","%","10.7","X","International reliable sources",""
"FS","Suite of Food Security Indicators","101","Indonesia","6121","Value","21049","Prevalence of low birthweight (percent)","2005","2005","%","10.7","X","International reliable sources",""
"FS","Suite of Food Security Indicators","101","Indonesia","6121","Value","21049","Prevalence of low birthweight (percent)","2006","2006","%","10.6","X","International reliable sources",""
"FS","Suite of Food Security Indicators","101","Indonesia","6121","Value","21049","Prevalence of low birthweight (percent)","2007","2007","%","10.5","X","International reliable sources",""
"FS","Suite of Food Security Indicators","101","Indonesia","6121","Value","21049","Prevalence of low birthweight (percent)","2008","2008","%","10.4","X","International reliable sources",""
"FS","Suite of Food Security Indicators","101","Indonesia","6121","Value","21049","Prevalence of low birthweight (percent)","2009","2009","%","10.4","X","International reliable sources",""
"FS","Suite of Food Security Indicators","101","Indonesia","6121","Value","21049","Prevalence of low birthweight (percent)","2010","2010","%","10.3","X","International reliable sources",""
"FS","Suite of Food Security Indicators","101","Indonesia","6121","Value","21049","Prevalence of low birthweight (percent)","2011","2011","%","10.2","X","International reliable sources",""
"FS","Suite of Food Security Indicators","101","Indonesia","6121","Value","21049","Prevalence of low birthweight (percent)","2012","2012","%","10.2","X","International reliable sources",""
"FS","Suite of Food Security Indicators","101","Indonesia","6121","Value","21049","Prevalence of low birthweight (percent)","2013","2013","%","10.1","X","International reliable sources",""
"FS","Suite of Food Security Indicators","101","Indonesia","6121","Value","21049","Prevalence of low birthweight (percent)","2014","2014","%","10","X","International reliable sources",""
"FS","Suite of Food Security Indicators","101","Indonesia","6121","Value","21049","Prevalence of low birthweight (percent)","2015","2015","%","10","X","International reliable sources",""
